[
    {
      "portMappings": [
        {
          "hostPort": 80,
          "protocol": "tcp",
          "containerPort": 80
        }
      ],
      "cpu": 256,
      "memory": 512,
      "image": "934086672967.dkr.ecr.eu-central-1.amazonaws.com/what-backend-release-ecr:containerTag",
      "essential": true,
      "name": "what-backend-release-container",
      "logConfiguration": {
        "logDriver": "awslogs",
        "options": {
          "awslogs-group": "what-backend-release-logs",
          "awslogs-region": "eu-central-1",
          "awslogs-stream-prefix": "what-backend-release"
        }
      },
      "environment" : [
        { "name" : "AuthOptions__KEY", 
          "value" : "mysupersecret_secretkey!123" },
        { "name" : "ConnectionStrings__DefaultConnection", 
          "value" : "server=rdburl;port=3306;UserId=DB_USERNAME;Password=DB_PASSWORD;database=DATABASE;Allow User Variables=true" },
        { "name" : "ConnectionStrings__RabbitMQ", 
          "value" : "host=qkangaroo.rmq.cloudamqp.com;virtualHost=cfhrvrrt;username=cfhrvrrt;password=yYvcHUcFxTsHGm51j4GtpA3mFguNv065" }
    ]
    }
]