[
    {
      "portMappings": [
        {
          "hostPort": 80,
          "protocol": "tcp",
          "containerPort": 80
        }
      ],
      "cpu": 256,
      "memory": 512,
      "image": "934086672967.dkr.ecr.eu-central-1.amazonaws.com/what-backend-release-panel-ecr:containerTag",
      "essential": true,
      "name": "what-backend-release-panel-container",
      "logConfiguration": {
        "logDriver": "awslogs",
        "options": {
          "awslogs-group": "what-backend-release-logs",
          "awslogs-region": "eu-central-1",
          "awslogs-stream-prefix": "what-backend-panel-release"
        }
      },
      "environment" : [
        { "name" : "Cookies__SecureKey", 
          "value" : "MyVerySecretKey" },
        { "name" : "ASPNETCORE_ENVIRONMENT",
          "value" : "prod"},
        { "name" : "APIURL",
          "value" : "url_api"}
    ]
    }
]
